TH_file,factor
RSN2658,0.8579228689355068
RSN262,3.9166902907373644
RSN534,1.4895313843711389
RSN683,1.4324544400243193
RSN619,0.8845834693866467
