TH_file,factor
RSN600,1.3853288794431455
RSN1710,2.610040340054962
RSN1644,1.629556484179356
RSN2391,1.167807914569048
RSN714,1.0655982725521642
