TH_file,factor
RSN411,1.4997417742502184
RSN589,1.1163037935788873
RSN562,2.7110154938942843
RSN103,2.8143747174145464
RSN30,1.1280363143045478
