TH_file,factor
RSN100,4.9879460347630795
RSN694,1.7659550505220831
RSN602,1.620707966043761
RSN549,1.6437302773677462
RSN352,3.0198776869166575
