TH_file,factor
RSN309,2.441792312381663
RSN2629,1.0694227638190226
RSN73,3.9539851858936137
RSN695,1.671006213068622
RSN63,3.8694498872752963
