TH_file,factor
RSN397,2.8576601485296016
RSN1725,2.905384628717271
RSN132,1.5828281692453938
RSN240,0.9970253285210654
RSN1740,1.9851903244600082
