TH_file,factor
RSN1737,2.376095408388082
RSN707,1.882599797959801
RSN1948,2.493365378762379
RSN1642,1.5774996796785736
RSN1722,1.9482424118605675
