TH_file,factor
RSN1126,1.8653719290912292
RSN1739,0.949063017013995
RSN257,3.350889338457408
RSN422,2.59044226071829
RSN210,4.858365635772924
