TH_file,factor
RSN717,2.11010101010101
RSN3,4.522222222222221
RSN644,5.5272727272727264
