TH_file,factor
RSN6468,14.974747474747474
RSN1713,5.728282828282827
RSN122,5.125252525252525
