TH_file,factor
RSN2791,16.582828282828284
RSN3614,3.517171717171717
RSN2308,17.98989898989899
