TH_file,factor
RSN3135,18.19090909090909
RSN1971,19.5979797979798
RSN2977,7.939393939393939
