TH_file,factor
RSN4941,16.381818181818183
RSN1743,9.949494949494948
RSN1075,4.723232323232323
