TH_file,factor
RSN1249,6.7333333333333325
RSN480,2.914141414141414
RSN281,2.914141414141414
