TH_file,factor
RSN1564,7.135353535353534
RSN2527,18.391919191919193
RSN3256,10.552525252525252
