TH_file,factor
RSN47,19.5979797979798
RSN198,3.7181818181818183
RSN2388,8.542424242424241
