TH_file,factor
RSN4505,18.19090909090909
RSN911,7.336363636363636
RSN925,7.939393939393939
