TH_file,factor
RSN2211,6.13030303030303
RSN1913,11.155555555555555
RSN2781,15.778787878787877
