TH_file,factor
RSN2065,16.783838383838383
RSN3135,16.783838383838383
RSN3328,7.738383838383838
