TH_file,factor
RSN4005,16.381818181818183
RSN2946,2.11010101010101
RSN2195,6.934343434343433
