TH_file,factor
RSN12663,19.5979797979798
RSN82,7.939393939393939
RSN1965,7.135353535353534
