TH_file,factor
RSN348,1.708080808080808
RSN1117,2.311111111111111
RSN366,6.331313131313131
