TH_file,factor
RSN10843,17.386868686868688
RSN1140,11.155555555555555
RSN2755,8.944444444444443
