TH_file,factor
RSN194,2.914141414141414
RSN9617,19.5979797979798
RSN2826,13.165656565656565
