TH_file,factor
RSN10882,17.185858585858586
RSN5613,3.316161616161616
RSN721,1.507070707070707
