TH_file,factor
RSN1607,10.35151515151515
RSN904,7.336363636363636
RSN4248,5.326262626262626
