TH_file,factor
RSN2447,17.788888888888888
RSN2036,9.145454545454545
RSN4178,3.7181818181818183
