TH_file,factor
RSN1678,5.326262626262626
RSN1705,7.336363636363636
RSN1690,5.5272727272727264
