TH_file,factor
RSN1684,9.748484848484848
RSN1654,9.748484848484848
RSN2036,17.98989898989899
