TH_file,factor
RSN1620,7.336363636363636
RSN273,2.11010101010101
RSN1812,6.13030303030303
