TH_file,factor
RSN2254,5.326262626262626
RSN74,18.994949494949495
RSN10,13.165656565656565
