TH_file,factor
RSN1877,17.58787878787879
RSN261,7.537373737373737
RSN904,14.773737373737372
