TH_file,factor
RSN1296,1.507070707070707
RSN867,4.1202020202020195
RSN5826,6.331313131313131
