TH_file,factor
RSN2325,19.195959595959597
RSN5513,19.7989898989899
RSN207,2.512121212121212
