TH_file,factor
RSN2321,6.532323232323232
RSN893,7.939393939393939
RSN1323,3.7181818181818183
