TH_file,factor
RSN2080,18.391919191919193
RSN1046,3.919191919191919
RSN6968,9.346464646464646
