TH_file,factor
RSN4417,20.0
RSN1978,18.793939393939393
RSN141,10.15050505050505
