TH_file,factor
RSN312,2.11010101010101
RSN429,6.7333333333333325
RSN2030,6.532323232323232
