TH_file,factor
RSN4558,18.994949494949495
RSN2065,18.793939393939393
RSN180,0.904040404040404
