TH_file,factor
RSN1447,3.919191919191919
RSN6392,16.582828282828284
RSN868,12.562626262626262
