TH_file,factor
RSN4312,2.713131313131313
RSN600,0.703030303030303
RSN428,11.356565656565655
