TH_file,factor
RSN1378,19.3969696969697
RSN6391,18.994949494949495
RSN1329,4.522222222222221
