TH_file,factor
RSN1394,8.542424242424241
RSN1702,10.753535353535353
RSN64,14.974747474747474
