TH_file,factor
RSN436,3.919191919191919
RSN2797,6.934343434343433
RSN1574,4.723232323232323
