TH_file,factor
RSN1682,10.35151515151515
RSN1568,10.954545454545453
RSN141,9.949494949494948
