TH_file,factor
RSN1346,1.9090909090909092
RSN446,5.5272727272727264
RSN844,6.532323232323232
