TH_file,factor
RSN4005,17.98989898989899
RSN441,8.542424242424241
RSN254,5.5272727272727264
