TH_file,factor
RSN2436,13.366666666666665
RSN1828,4.924242424242424
RSN563,6.331313131313131
