TH_file,factor
RSN2561,16.783838383838383
RSN47,18.592929292929295
RSN5656,0.703030303030303
