TH_file,factor
RSN13800,19.3969696969697
RSN2315,10.35151515151515
RSN1756,9.145454545454545
