TH_file,factor
RSN2331,13.366666666666665
RSN47,19.7989898989899
RSN904,15.376767676767676
