TH_file,factor
RSN659,4.522222222222221
RSN2023,18.994949494949495
RSN1685,7.135353535353534
