TH_file,factor
RSN6468,19.195959595959597
RSN211,5.5272727272727264
RSN2755,8.944444444444443
