TH_file,factor
RSN1061,2.713131313131313
RSN6141,2.914141414141414
RSN1233,5.5272727272727264
