TH_file,factor
RSN1621,11.155555555555555
RSN287,3.919191919191919
RSN2705,4.32121212121212
