TH_file,factor
RSN2797,8.341414141414141
RSN1928,18.994949494949495
RSN742,4.723232323232323
