TH_file,factor
RSN8565,18.592929292929295
RSN2149,5.326262626262626
RSN2959,4.522222222222221
