TH_file,factor
RSN1971,18.994949494949495
RSN9011,19.5979797979798
RSN1154,6.7333333333333325
