TH_file,factor
RSN2106,12.16060606060606
RSN6699,18.994949494949495
RSN1466,4.723232323232323
