TH_file,factor
RSN3998,18.994949494949495
RSN1152,18.391919191919193
RSN269,9.145454545454545
