TH_file,factor
RSN1589,5.125252525252525
RSN211,5.125252525252525
RSN1124,14.170707070707069
