TH_file,factor
RSN30,0.502020202020202
RSN5916,17.788888888888888
RSN2113,4.723232323232323
