TH_file,factor
RSN2665,19.3969696969697
RSN2812,18.19090909090909
RSN802,0.904040404040404
