TH_file,factor
RSN2067,18.793939393939393
RSN872,5.929292929292929
RSN1124,14.170707070707069
