TH_file,factor
RSN1067,3.1151515151515152
RSN543,3.7181818181818183
RSN1599,12.562626262626262
