TH_file,factor
RSN1985,18.391919191919193
RSN11763,18.994949494949495
RSN1145,19.5979797979798
