TH_file,factor
RSN2272,10.15050505050505
RSN975,2.311111111111111
RSN422,2.713131313131313
