TH_file,factor
RSN229,1.708080808080808
RSN845,14.170707070707069
RSN6215,6.934343434343433
