TH_file,factor
RSN1174,14.974747474747474
RSN911,5.929292929292929
RSN3880,4.1202020202020195
