TH_file,factor
RSN446,4.924242424242424
RSN1574,2.713131313131313
RSN295,15.175757575757574
