TH_file,factor
RSN1130,5.326262626262626
RSN1667,10.15050505050505
RSN16,5.326262626262626
