TH_file,factor
RSN5346,18.793939393939393
RSN5385,19.195959595959597
RSN1886,10.15050505050505
